{"ship1_mmsi": 351, "ship2_mmsi": 352, "ship1_speed": 14.133976030856262, "ship2_speed": 14.133976030856262, "ship1_course": 95.05638342979364, "ship2_course": 309.4996667520609, "ship1_traj_lon": [], "ship1_traj_lat": [], "ship2_traj_lon": [25.45405606152974, 25.455008040633157, 25.455971579423316, 25.456946044371005, 25.457930481723125, 25.458925211151502, 25.459930805489908, 25.460949468660882, 25.461983276466775, 25.463034331778776, 25.464107930848936, 25.46520697031341, 25.46633142550711, 25.46747939416565, 25.4686478987441, 25.469833480101464, 25.47103261636731, 25.472241999758253, 25.47345870133628, 25.474680254231338, 25.47590467317041, 25.477130433104254, 25.478356422409384, 25.47958188239777, 25.480806342042797, 25.482029554154106, 25.483251437037975, 25.484472023945727, 25.485691421299855, 25.486909775743186, 25.488127249421975, 25.489344002528934, 25.490560181942428, 25.491775914749912, 25.49299130552711, 25.49420643626765, 25.49542136807879, 25.49663614396606, 25.497850792116946, 25.499065329266664, 25.500279763859563, 25.501494098828132, 25.502708333897758, 25.503922467390158, 25.505136497544846, 25.50635042340722, 25.507564245349325, 25.508777965295977, 25.509991586728052, 25.51120511452154, 25.51241855468982, 25.51363191409506, 25.514845200134587, 25.516058420439695, 25.517271582607066, 25.518484693973722, 25.51969776144039, 25.520910791343585, 25.522123789373378, 25.52333676053153, 25.52454970912372, 25.525762638778822, 25.526975552488548, 25.528188452661254, 25.52940134118716, 25.530614219531234, 25.5318270887875, 25.53303994972623, 25.534252802853356, 25.535465648464356, 25.536678486691603, 25.537891317545117, 25.53910414094668, 25.540316956757913, 25.541529764802668, 25.5427425648846, 25.5439553568004, 25.545168140349553, 25.54638091534113, 25.547593681598155, 25.548806438916312, 25.55001918699752, 25.551231925544545, 25.552444654278073, 25.553657372935806, 25.554870081271286, 25.55608277905258, 25.557295466060893, 25.558508142089163, 25.559720806940838, 25.560933460428537, 25.562146102373003, 25.56335873260205, 25.56457135094964], "ship2_traj_lat": [37.30516906136251, 37.30533250784914, 37.3054950836885, 37.305692677862325, 37.30595340255011, 37.30628576513497, 37.30668937195634, 37.307145293587425, 37.30763255859858, 37.30812284684997, 37.308559760546906, 37.30890727023715, 37.309154097485695, 37.309305079334436, 37.3093745313769, 37.30938134031048, 37.309345505899906, 37.309285858851005, 37.30921870072103, 37.30915713839128, 37.3091109163795, 37.30908658692178, 37.30908788731514, 37.30911622440021, 37.30917119260601, 37.309251074489204, 37.309353291151815, 37.3094747844583, 37.30961232393482, 37.30976273906607, 37.30992308291124, 37.31009073604737, 37.31026346129708, 37.310439419905656, 37.310617159111615, 37.310795580700635, 37.31097389774872, 37.31115158557155, 37.31132833168465, 37.311503988131776, 37.31167852839272, 37.31185201013618, 37.31202454433938, 37.3121962707419, 37.31236733921547, 37.312537896388534, 37.31270807673666, 37.312877997310785, 37.313047755301056, 37.31321742776939, 37.313387072836655, 37.3135567316134, 37.313726430731585, 37.313896185063385, 37.3140660003772, 37.3142358757737, 37.314405805808605, 37.31457578225884, 37.31474579552578, 37.31491583569547, 37.31508589329198, 37.31525595976926, 37.31542602779008, 37.315596091339465, 37.31576614569058, 37.31593618708005, 37.31610621267315, 37.3162762205417, 37.31644620948881, 37.31661617887863, 37.316786128481965, 37.31695605834288, 37.31712596866867, 37.31729585974315, 37.31746573186172, 37.31763558528581, 37.317805420213645, 37.31797523676425, 37.3181450349716, 37.318314814787286, 37.31848457647334, 37.318654321207326, 37.31882405026441, 37.31899376487539, 37.31916346623753, 37.319333155524404, 37.319502833894255, 37.319672502496886, 37.31984216247902, 37.32001181498827, 37.32018146117587, 37.320351102198345, 37.32052073921842, 37.32069037340525], "LINESTRING1": "\"LINESTRING ()\"", "LINESTRING2": "\"LINESTRING (25.45405606152974 37.3051690613625125.455008040633157 37.3053325078491425.455971579423316 37.305495083688525.456946044371005 37.30569267786232525.457930481723125 37.3059534025501125.458925211151502 37.3062857651349725.459930805489908 37.3066893719563425.460949468660882 37.30714529358742525.461983276466775 37.3076325585985825.463034331778776 37.3081228468499725.464107930848936 37.30855976054690625.46520697031341 37.3089072702371525.46633142550711 37.30915409748569525.46747939416565 37.30930507933443625.4686478987441 37.309374531376925.469833480101464 37.3093813403104825.47103261636731 37.30934550589990625.472241999758253 37.30928585885100525.47345870133628 37.3092187007210325.474680254231338 37.3091571383912825.47590467317041 37.309110916379525.477130433104254 37.3090865869217825.478356422409384 37.3090878873151425.47958188239777 37.3091162244002125.480806342042797 37.3091711926060125.482029554154106 37.30925107448920425.483251437037975 37.30935329115181525.484472023945727 37.309474784458325.485691421299855 37.3096123239348225.486909775743186 37.3097627390660725.488127249421975 37.3099230829112425.489344002528934 37.3100907360473725.490560181942428 37.3102634612970825.491775914749912 37.31043941990565625.49299130552711 37.31061715911161525.49420643626765 37.31079558070063525.49542136807879 37.3109738977487225.49663614396606 37.3111515855715525.497850792116946 37.3113283316846525.499065329266664 37.31150398813177625.500279763859563 37.3116785283927225.501494098828132 37.3118520101361825.502708333897758 37.3120245443393825.503922467390158 37.312196270741925.505136497544846 37.3123673392154725.50635042340722 37.31253789638853425.507564245349325 37.3127080767366625.508777965295977 37.31287799731078525.509991586728052 37.31304775530105625.51120511452154 37.3132174277693925.51241855468982 37.31338707283665525.51363191409506 37.313556731613425.514845200134587 37.31372643073158525.516058420439695 37.31389618506338525.517271582607066 37.314066000377225.518484693973722 37.314235875773725.51969776144039 37.31440580580860525.520910791343585 37.3145757822588425.522123789373378 37.3147457955257825.52333676053153 37.3149158356954725.52454970912372 37.3150858932919825.525762638778822 37.3152559597692625.526975552488548 37.3154260277900825.528188452661254 37.31559609133946525.52940134118716 37.3157661456905825.530614219531234 37.3159361870800525.5318270887875 37.3161062126731525.53303994972623 37.316276220541725.534252802853356 37.3164462094888125.535465648464356 37.3166161788786325.536678486691603 37.31678612848196525.537891317545117 37.3169560583428825.53910414094668 37.3171259686686725.540316956757913 37.3172958597431525.541529764802668 37.3174657318617225.5427425648846 37.3176355852858125.5439553568004 37.31780542021364525.545168140349553 37.3179752367642525.54638091534113 37.318145034971625.547593681598155 37.31831481478728625.548806438916312 37.3184845764733425.55001918699752 37.31865432120732625.551231925544545 37.3188240502644125.552444654278073 37.3189937648753925.553657372935806 37.3191634662375325.554870081271286 37.31933315552440425.55608277905258 37.31950283389425525.557295466060893 37.31967250249688625.558508142089163 37.3198421624790225.559720806940838 37.3200118149882725.560933460428537 37.3201814611758725.562146102373003 37.32035110219834525.56335873260205 37.3205207392184225.56457135094964 37.32069037340525)\"", "collision_lon": 25.461920279890258, "collision_lat": 37.306286855349114, "timestamp": 1676506712499, "collision_id": "24e4d0a2-c679-405d-929c-e786f28afb2c"}