{"ship1_mmsi": 381, "ship2_mmsi": 382, "ship1_speed": 14.811537653391746, "ship2_speed": 14.811537653391746, "ship1_course": 97.75442631030455, "ship2_course": 246.3321864437312, "ship1_traj_lon": [37.570034928935456, 37.56911785638831, 37.56819409640424, 37.56726163257316, 37.5663191579814, 37.56536593473917, 37.56440167355726, 37.56342643151753, 37.5624405261642, 37.56144446408148, 37.56043888220198, 37.55942450019679, 37.55840208242262, 37.5573724080345, 37.5563362480098, 37.555294347964775, 37.55424741577484, 37.55319611314861, 37.55214105038922, 37.55108278365905, 37.55002181425835, 37.548958589434484, 37.547893504329096, 37.54682690474089, 37.545759090439674, 37.54469031881761, 37.543620808707345, 37.54255074423358, 37.541480278595486, 37.54040953770416, 37.53933862362062, 37.538267617757825, 37.53719658382326, 37.53612557048651, 37.535054613789804, 37.533983739292324, 37.53291296395676, 37.53184229779586, 37.530771745296136, 37.52970130663649, 37.52863097872121, 37.52756075604577, 37.52649063141439, 37.52542059652704, 37.5243506424525, 37.5232807600033, 37.522210940026675, 37.521141173624635, 37.520071452317666, 37.519001768156464, 37.51793211378994, 37.51686248250428, 37.51579286823686, 37.5147232655704, 37.51365366971249, 37.51258407646447, 37.511514482182896, 37.51044488373654, 37.50937527846095, 37.50830566411229, 37.50723603882192, 37.50616640105244, 37.505096749556266, 37.50402708333351, 37.502957401590436, 37.50188770371457, 37.5008179892473, 37.49974825785782, 37.498678509320406, 37.49760874349432, 37.496538960306616, 37.49546915973729, 37.49439934180687, 37.49332950656568, 37.4922596540853, 37.49118978445135, 37.49011989775769, 37.48904999410182, 37.487980073584936, 37.4869101363361, 37.48584018249529, 37.484770212196665, 37.48370022556745, 37.482630222727394, 37.48156020378862, 37.48049016885564, 37.47942011802551, 37.47835005138828, 37.477279969027364, 37.476209871020025, 37.47513975743795, 37.474069628347785], "ship1_traj_lat": [25.914387352882976, 25.91459020054846, 25.91479417101296, 25.914999702694384, 25.91520713858908, 25.915416726887166, 25.91562862629232, 25.91584291463342, 25.91605959953212, 25.91627863008928, 25.916499908758542, 25.916723302773573, 25.916948654677373, 25.917175791661567, 25.917404533557658, 25.917634699429986, 25.917866112803317, 25.91809860572197, 25.918332021659783, 25.918566217152925, 25.918801062757343, 25.919036443356067, 25.919272257942183, 25.91950841901197, 25.919744851685618, 25.919981492654607, 25.920218289036594, 25.920455197201342, 25.920692181616207, 25.920929213745573, 25.92116627102772, 25.921403335942923, 25.921640395169888, 25.921877438794642, 25.922114459710006, 25.922351453094016, 25.922588415943896, 25.922825346684093, 25.92306224484016, 25.923299110769634, 25.92353594544223, 25.92377275026181, 25.924009526923687, 25.924246277301364, 25.924483003357796, 25.924719707076797, 25.92495639041101, 25.92519305524424, 25.92542970338671, 25.925666336557708, 25.92590295634983, 25.92613956422155, 25.926376161495458, 25.926612749359947, 25.926849328873445, 25.927085900970557, 25.927322466469594, 25.92755902608101, 25.92779558041626, 25.92803212999706, 25.928268675264402, 25.92850521658754, 25.928741754272462, 25.928978288546578, 25.929214819522826, 25.929451347261526, 25.929687871788524, 25.9299243931009, 25.930160911172003, 25.930397425955803, 25.93063393739086, 25.930870445403617, 25.93110694991122, 25.93134345082395, 25.93157994804721, 25.931816441483146, 25.932052931032015, 25.932289416593196, 25.93252589809147, 25.932762375671455, 25.93299884959081, 25.933235320109414, 25.93347178748874, 25.933708251991938, 25.933944713883868, 25.934181173431142, 25.934417630901997, 25.934654086566283, 25.934890540695314, 25.93512699356178, 25.935363445439624, 25.935599896603886], "ship2_traj_lon": [37.4732998068438, 37.4740279070637, 37.47476216484981, 37.47550440702803, 37.47625579673635, 37.4770169711966, 37.47778815815554, 37.4785692733097, 37.479360000983235, 37.48015986022153, 37.48096825831385, 37.48178453358499, 37.482607989110974, 37.48343791882645, 37.48427362731137, 37.485114444373345, 37.485959735385826, 37.48680890831181, 37.487661418147546, 37.48851676866001, 37.48937451266582, 37.490234251120924, 37.491095631275776, 37.4919583441659, 37.49282212165676, 37.49368673321844, 37.494551982569625, 37.49541770429964, 37.496283760552345, 37.49715003783425, 37.498016443992334, 37.49888290539233, 37.49974936431074, 37.50061577647717, 37.501482108955024, 37.50234833829955, 37.50321444886972, 37.50408043134775, 37.504946281455, 37.50581199884931, 37.506677586187536, 37.50754304833779, 37.5084083917248, 37.50927362379355, 37.51013875257574, 37.511003786346045, 37.51186873335481, 37.512733601625825, 37.51359839883297, 37.514463132226396, 37.515327808520375, 37.51619243384994, 37.51705701375811, 37.517921553201035, 37.518786056566725, 37.51965052770357, 37.52051496995552, 37.52137938620146, 37.522243778896716, 37.523108150115185, 37.52397250159078, 37.5248368347574, 37.525701150786766, 37.52656545060908, 37.52742973485268, 37.528294003932466, 37.529158258124234, 37.53002249758846, 37.53088672239093, 37.53175093252078, 37.53261512790613, 37.53347930842739, 37.534343473928544, 37.53520762422668, 37.53607175911985, 37.53693587839349, 37.53779998182564, 37.53866406919105, 37.5395281402701, 37.540392195087165, 37.541256233995945, 37.542120257378464, 37.54298426562302, 37.54384825912456, 37.54471223828498, 37.545576203512965, 37.54644015522391, 37.54730409383953, 37.548168019787546, 37.549031933501155, 37.54989583541856, 37.55075972598257, 37.55162360563999], "ship2_traj_lat": [25.94456727107897, 25.94387916723425, 25.943185670691506, 25.942485062862833, 25.941776176542184, 25.941058303220018, 25.94033110930368, 25.939594561300424, 25.938848859849926, 25.938094382338797, 25.937331633696132, 25.936561204860226, 25.93578373832371, 25.934999900108267, 25.934210357488656, 25.933415761777432, 25.932616735493117, 25.93181386344905, 25.931007687225083, 25.930198701270907, 25.92938735141785, 25.928574035129124, 25.927759102970153, 25.92694286096599, 25.926125573566466, 25.92530746698936, 25.924488732756835, 25.923669531279952, 25.922849995380716, 25.922030233670274, 25.92121033372673, 25.92039036503585, 25.91957038166407, 25.918750424532558, 25.917930523605822, 25.91711069990733, 25.91629096718055, 25.915471333322653, 25.914651801612596, 25.913832371753237, 25.913013040747213, 25.912193803625414, 25.911374654046487, 25.910555584783904, 25.909736588116402, 25.90891765613577, 25.908098780984627, 25.9072799550357, 25.90646117106289, 25.905642422379938, 25.90482370282005, 25.904005006755405, 25.90318632910779, 25.902367665343373, 25.901549011455415, 25.900730363938305, 25.89991171975557, 25.89909307630401, 25.89827443137588, 25.897455783120407, 25.896637130005637, 25.89581847078174, 25.894999804445987, 25.894181130185835, 25.893362447193088, 25.892543754735478, 25.891725052212305, 25.890906339132766, 25.890087615096363, 25.889268879775795, 25.88845013290219, 25.887631374252354, 25.886812603637974, 25.885993820896594, 25.885175025884045, 25.884356218468298, 25.883537398524464, 25.88271856593085, 25.88189972057545, 25.881080862749325, 25.880261993285206, 25.87944311304916, 25.878624222901266, 25.877805323695217, 25.87698641627815, 25.87616750149061, 25.87534858016682, 25.874529653134914, 25.87371072121737, 25.872891785231396, 25.872072845989397, 25.871253904299476, 25.870434960965845],