{"ship1_mmsi": 451, "ship2_mmsi": 452, "ship1_speed": 10.091510583692223, "ship2_speed": 10.091510583692223, "ship1_course": 169.6227390274871, "ship2_course": 129.297577023739, "ship1_traj_lon": [], "ship1_traj_lat": [], "ship2_traj_lon": [24.925732691495604, 24.925142214157276, 24.924549104700723, 24.923952504827838, 24.92335182027691, 24.92274668039812, 24.92213690039079, 24.921522446589826, 24.920903405069456, 24.920279953713838, 24.919652337793984, 24.919021578376583, 24.91838990900013, 24.917758606945778, 24.917135118036544, 24.916510371233386, 24.91588978401627, 24.91526661538272, 24.914650647535836, 24.914032992462307, 24.913437547711485, 24.91288540044475, 24.91238547131856, 24.91193447722568, 24.911520636007026, 24.911131911769914, 24.910749639259375, 24.91033365894279, 24.90985738860291, 24.909311424269138, 24.90869768729888, 24.908024902222625, 24.90730523130276, 24.906551882956876, 24.905777512653007, 24.90499324999533, 24.904208199725065, 24.903429286110676, 24.9026613318512, 24.901907283792095, 24.901168517524688, 24.900445170539037, 24.899736468657238, 24.8990410228786, 24.89835708359476, 24.897682746590345, 24.89701611061774, 24.89635538994907, 24.895698987484405, 24.89504553504027, 24.894393907915322, 24.893743220218212, 24.893092806866488, 24.8924421973329, 24.891791085226508, 24.891139296851605, 24.890486761018852, 24.88983348162505, 24.889179513888553, 24.8885249446297, 24.88786987661173, 24.887214416695958, 24.886558667397402, 24.885902721348618, 24.885246658243737, 24.884590543444787, 24.8839344279029, 24.88327834911088, 24.88262233264636, 24.88196639402275, 24.881310540633372, 24.880654773634184, 24.879999089662157, 24.87934348232837, 24.87868794345837, 24.878032464076963, 24.877377035151984, 24.876721648122643, 24.87606629523475, 24.875410969381914, 24.874755664075664, 24.874100373874935, 24.873445094348266, 24.872789821967, 24.872134553978743, 24.87147928827468, 24.870824023260806, 24.870168757739375, 24.869513490805016, 24.868858221756717, 24.86820295002657, 24.867547675123927], "ship2_traj_lat": [38.40900218523517, 38.408427989228045, 38.40785076903252, 38.40726967898087, 38.406684211036875, 38.406094115452845, 38.40549933602583, 38.404899957934816, 38.40429616625019, 38.40368821336535, 38.40307639378551, 38.402461733769044, 38.40184962124201, 38.40124452370931, 38.40063527792198, 38.40003017495419, 38.39942005493051, 38.39881153665282, 38.398192670746965, 38.39757946785591, 38.39694253509721, 38.39625890870982, 38.39551508484475, 38.39471243099598, 38.39386625053404, 38.392992490984284, 38.39211346618131, 38.39127661498599, 38.390512673642206, 38.389831560875, 38.38922958415578, 38.3886949948548, 38.38821210952376, 38.38776422542687, 38.38733555368908, 38.38691238182804, 38.38648365204751, 38.386041117898934, 38.38557921470204, 38.3850947524981, 38.38458651564053, 38.38405483118294, 38.38350114946481, 38.38292766485521, 38.382336992398365, 38.38173190684933, 38.381115143935894, 38.3804892592241, 38.37985653730872, 38.379218942765654, 38.378578103776015, 38.37793532018488, 38.377291588423645, 38.37664763684497, 38.37600396627421, 38.37536089178213, 38.37471858278825, 38.37407709956528, 38.37343642501414, 38.3727964912106, 38.37215720069861, 38.37151844283905, 38.370880105735615, 38.370242084361934, 38.369604285433866, 38.36896663005582, 38.368329054598966, 38.367691510169855, 38.36705396123397, 38.366416383759905, 38.3657787631637, 38.365141092257424, 38.364503369340646, 38.36386559651994, 38.363227778299034, 38.362589920450475, 38.36195202915726, 38.361314110398006, 38.36067616955323, 38.360038211611986, 38.35940024120442, 38.35876226205295, 38.358124276999774, 38.357486288115616, 38.35684829683019, 38.35621030406876, 38.355572310383444, 38.354934316071905, 38.354296321279136, 38.35365832608051, 38.35302033054605, 38.352382334787166], "LINESTRING1": "\"LINESTRING ()\"", "LINESTRING2": "\"LINESTRING (24.925732691495604 38.4090021852351724.925142214157276 38.40842798922804524.924549104700723 38.4078507690325224.923952504827838 38.4072696789808724.92335182027691 38.40668421103687524.92274668039812 38.40609411545284524.92213690039079 38.4054993360258324.921522446589826 38.40489995793481624.920903405069456 38.4042961662501924.920279953713838 38.4036882133653524.919652337793984 38.4030763937855124.919021578376583 38.40246173376904424.91838990900013 38.4018496212420124.917758606945778 38.4012445237093124.917135118036544 38.4006352779219824.916510371233386 38.4000301749541924.91588978401627 38.3994200549305124.91526661538272 38.3988115366528224.914650647535836 38.39819267074696524.914032992462307 38.3975794678559124.913437547711485 38.3969425350972124.91288540044475 38.3962589087098224.91238547131856 38.3955150848447524.91193447722568 38.3947124309959824.911520636007026 38.3938662505340424.911131911769914 38.39299249098428424.910749639259375 38.3921134661813124.91033365894279 38.3912766149859924.90985738860291 38.39051267364220624.909311424269138 38.38983156087524.90869768729888 38.3892295841557824.908024902222625 38.388694994854824.90730523130276 38.3882121095237624.906551882956876 38.3877642254268724.905777512653007 38.3873355536890824.90499324999533 38.3869123818280424.904208199725065 38.3864836520475124.903429286110676 38.38604111789893424.9026613318512 38.3855792147020424.901907283792095 38.385094752498124.901168517524688 38.3845865156405324.900445170539037 38.3840548311829424.899736468657238 38.3835011494648124.8990410228786 38.3829276648552124.89835708359476 38.38233699239836524.897682746590345 38.3817319068493324.89701611061774 38.38111514393589424.89635538994907 38.380489259224124.895698987484405 38.3798565373087224.89504553504027 38.37921894276565424.894393907915322 38.37857810377601524.893743220218212 38.3779353201848824.893092806866488 38.37729158842364524.8924421973329 38.3766476368449724.891791085226508 38.3760039662742124.891139296851605 38.3753608917821324.890486761018852 38.3747185827882524.88983348162505 38.3740770995652824.889179513888553 38.3734364250141424.8885249446297 38.372796491210624.88786987661173 38.3721572006986124.887214416695958 38.3715184428390524.886558667397402 38.37088010573561524.885902721348618 38.37024208436193424.885246658243737 38.36960428543386624.884590543444787 38.3689666300558224.8839344279029 38.36832905459896624.88327834911088 38.36769151016985524.88262233264636 38.3670539612339724.88196639402275 38.36641638375990524.881310540633372 38.365778763163724.880654773634184 38.36514109225742424.879999089662157 38.36450336934064624.87934348232837 38.3638655965199424.87868794345837 38.36322777829903424.878032464076963 38.36258992045047524.877377035151984 38.3619520291572624.876721648122643 38.36131411039800624.87606629523475 38.3606761695532324.875410969381914 38.36003821161198624.874755664075664 38.3594002412044224.874100373874935 38.3587622620529524.873445094348266 38.35812427699977424.872789821967 38.35748628811561624.872134553978743 38.3568482968301924.87147928827468 38.3562103040687624.870824023260806 38.35557231038344424.870168757739375 38.35493431607190524.869513490805016 38.35429632127913624.868858221756717 38.3536583260805124.86820295002657 38.3530203305460524.867547675123927 38.352382334787166)\"", "collision_lon": 24.91028143824296, "collision_lat": 38.39396016673837, "timestamp": 1676729205882, "collision_id": "9b229e22-36d6-46e7-a5a4-50d0a635680f"}